{
    "A": [[-432.94192024932653, 530.4790466084148],[-74.80546818492695, 626.5615783097762],[-41.80335706574778, 471.59244059361],[83.502317202234, 701.7752831612759]],
    "B": [[-88.19548216309259, 712.4423352854286],[272.41092384415913, 767.7859742332469],[342.50568447861497, 556.6237276823114],[-356.433692180247, -347.40233149573567],[-112.29496070525525, 244.21351549241152]]
}
