{
    "A": [[476.49104698301846, 893.6689315629557],[-120.49878154118699, 718.4836956702569],[246.49734950816048, 709.152498437131],[481.06591724247806, 1298.3095736790897]] ,
    "B": [[-464.2940835567092, 349.0620966764286],[288.44737135390244, 1158.387055408296],[358.95270672852484, 1128.9173620640117],[81.65942234969292, 594.409513492666],[2.7765275367069853, 659.7851488895362]]
}
