{
"A": [[29285830.070441566, 91717188.14841063],[5379473.748763008, 82531064.01729506],[44680826.912892446, 142743199.47733647],[8720652.597730571, 66805958.20004481],[48716697.40760833, 95413604.99027959],[-17313480.264089797, -13780476.699852083],[930399.8399159518, 79649797.52472728],[49592732.042884514, 113153881.22394812],[43407475.35486582, 131412358.40094848],[-13880110.238435717, 15635847.864913275]] ,
"B": [[-26317666.54046286, 69107600.20281631],[-18666853.11897812, 2584439.5645285174],[20847455.14833749, 111694816.19280946],[34424294.76394188, 87320878.96526566],[-29274538.6516038, 2664602.567749206],[-46104104.42383024, -4091171.3283199966],[41746716.47961119, 104275483.18319102],[12364042.955318244, 52183356.16899242],[-14143515.988401612, 62825120.73574676],[4006570.503942741, 62174386.57523763]]
}
