{
    "A": [[-251.34757648590244, 588.6044861342364],
          [442.9117888626087, 1060.649099507654],
          [208.4555953731152, 1172.2315111543112],
          [252.90781423572417, 850.8422133407889]
         ],
    "B": [[-464.67429586980836, 418.5646723227741],
          [-329.04480769655964, 350.6552660502859],
          [-303.04387560547195, 683.3246912852793],
          [190.91717936724763, 809.7956526301617],
          [166.57623326229077, 545.7434907850293]
         ]
}
