{
    "A": [
        [89.05656796010375, 500.36543481133856],
        [475.47639558137354, 943.2982714851478],
        [182.629399097048, 608.9632753858887],
        [-228.05656095784732, 152.12451765445647]
    ],
    "B": [
        [24.211028772142207, 719.2794463444998],
        [-8.880085197397246, 778.9696747147142],
        [33.85248161012533, 543.4506540489716],
        [21.65953167014445, 459.755371873581],
        [284.75870352494206, 331.62137217783965]
    ]
}
