{
"A": [[1.9867916612781304e+33, 4.7804612214108405e+33],[-4.443589409665469e+33, -9.219123710707445e+32],[1.0800633701523336e+33, 4.823333653346585e+33],[2.2642369231398856e+33, 7.588455638627238e+33],[-3.953645460925195e+33, -3.4872804865430063e+33],[2.9967123569916176e+32, 8.902563416499143e+33],[-1.8991382196930518e+33, 5.350071247455625e+33],[4.1268428522876856e+33, 1.1392272998429855e+34],[1.3898038489280884e+32, 8.556038736485997e+33],[3.2926260617731057e+33, 7.340307207951499e+33]] ,
"B": [[3.9746644755250704e+33, 1.269786207918222e+34],[3.612607834538818e+33, 6.614768963821648e+33],[-2.936553697713953e+33, -2.745207708497097e+33],[-1.497369442004282e+33, 1.0601394794895658e+33],[-4.169486367273858e+33, 4.43945327339389e+33],[3.8375671612504824e+33, 8.487307366174179e+33],[-2.4691624877216984e+33, 2.313125094779818e+33],[-2.2727849532010467e+33, 5.063256130135077e+33],[2.8025243695410707e+33, 9.927467132831124e+33],[-1.1794817303916371e+33, 2.0044861520064105e+33]]
}
