{
    "A": [[-296.8623126375902, 322.60887645519983],[-341.7661315723426, -107.18160385841648],[98.46131715550999, 828.744866872163],[-475.91000491776356, 380.193642761154]],
    "B": [[295.4691287470806, 517.9154496962065],[-50.61851580287069, 712.0475673727746],[-265.67365694367004, -48.41036639351091],[-290.42413101234155, 535.5036296649275],[-52.13583207403394, 702.1483700133534]]
}
